-- phpMyAdmin SQL Dump
-- version 5.2.1
-- https://www.phpmyadmin.net/
--
-- Host: 127.0.0.1
-- Generation Time: Jan 07, 2026 at 08:49 AM
-- Server version: 10.4.32-MariaDB
-- PHP Version: 8.2.12

SET SQL_MODE = "NO_AUTO_VALUE_ON_ZERO";
START TRANSACTION;
SET time_zone = "+00:00";


/*!40101 SET @OLD_CHARACTER_SET_CLIENT=@@CHARACTER_SET_CLIENT */;
/*!40101 SET @OLD_CHARACTER_SET_RESULTS=@@CHARACTER_SET_RESULTS */;
/*!40101 SET @OLD_COLLATION_CONNECTION=@@COLLATION_CONNECTION */;
/*!40101 SET NAMES utf8mb4 */;

--
-- Database: `blogdb_apartment`
--

-- --------------------------------------------------------

--
-- Table structure for table `apartment`
--

CREATE TABLE `apartment` (
  `id` bigint(20) UNSIGNED NOT NULL,
  `name` varchar(255) NOT NULL COMMENT 'ชื่ออพาร์ทเม้นท์',
  `address_no` varchar(255) DEFAULT NULL COMMENT 'เลขที่',
  `moo` varchar(3) DEFAULT NULL COMMENT 'หมู่ที่',
  `sub_district` varchar(255) DEFAULT NULL COMMENT 'ตำบล/แขวง',
  `district` varchar(255) DEFAULT NULL COMMENT 'อำเภอ/เขต',
  `province` varchar(255) DEFAULT NULL COMMENT 'จังหวัด',
  `postal_code` varchar(5) DEFAULT NULL COMMENT 'รหัสไปรษณีย์',
  `phone` varchar(10) DEFAULT NULL COMMENT 'เบอร์โทรศัพท์',
  `created_at` timestamp NULL DEFAULT NULL,
  `updated_at` timestamp NULL DEFAULT NULL
) ENGINE=InnoDB DEFAULT CHARSET=utf8mb4 COLLATE=utf8mb4_unicode_ci;

--
-- Dumping data for table `apartment`
--

INSERT INTO `apartment` (`id`, `name`, `address_no`, `moo`, `sub_district`, `district`, `province`, `postal_code`, `phone`, `created_at`, `updated_at`) VALUES
(1, 'อาทิตย์ อพาร์ทเม้นท์', '199', '4', 'บ้านสร้าง', 'บางปะอิน', 'พระนครศรีอยุธยา', '13170', '0929694070', '2026-01-01 13:51:57', '2026-01-03 07:45:50');

-- --------------------------------------------------------

--
-- Table structure for table `buildings`
--

CREATE TABLE `buildings` (
  `id` bigint(20) UNSIGNED NOT NULL,
  `name` varchar(255) NOT NULL COMMENT 'ชื่ออาคาร',
  `created_at` timestamp NULL DEFAULT NULL,
  `updated_at` timestamp NULL DEFAULT NULL
) ENGINE=InnoDB DEFAULT CHARSET=utf8mb4 COLLATE=utf8mb4_unicode_ci;

--
-- Dumping data for table `buildings`
--

INSERT INTO `buildings` (`id`, `name`, `created_at`, `updated_at`) VALUES
(1, 'ตึก 2 ชั้น', '2026-01-01 16:42:41', '2026-01-03 02:06:12'),
(2, 'ตึก 4 ชั้น', '2026-01-01 16:42:41', '2026-01-01 23:34:02'),
(3, 'ตึก 5 ชั้น', '2026-01-01 16:42:41', '2026-01-03 00:44:53');

-- --------------------------------------------------------

--
-- Table structure for table `migrations`
--

CREATE TABLE `migrations` (
  `id` int(10) UNSIGNED NOT NULL,
  `migration` varchar(255) NOT NULL,
  `batch` int(11) NOT NULL
) ENGINE=InnoDB DEFAULT CHARSET=utf8mb4 COLLATE=utf8mb4_unicode_ci;

--
-- Dumping data for table `migrations`
--

INSERT INTO `migrations` (`id`, `migration`, `batch`) VALUES
(1, '0001_01_01_000000_create_users_table', 1),
(2, '2025_12_31_084756_create_apartment_table', 1),
(3, '2025_12_31_085625_create_buildings_table', 1),
(4, '2025_12_31_085814_create_room_types_table', 1),
(5, '2025_12_31_085924_create_room_prices_table', 1),
(6, '2025_12_31_091211_create_rooms_table', 1),
(7, '2025_12_31_092330_create_tenants_table', 1),
(8, '2026_01_05_123445_add_password_to_tenants_table', 2),
(9, '2026_01_05_151443_remove_unique_from_id_card_in_tenants_table', 3),
(10, '2026_01_06_163401_add_status_and_role_to_users_table', 4);

-- --------------------------------------------------------

--
-- Table structure for table `rooms`
--

CREATE TABLE `rooms` (
  `id` bigint(20) UNSIGNED NOT NULL,
  `room_number` varchar(255) NOT NULL COMMENT 'หมายเลขห้อง',
  `room_price_id` bigint(20) UNSIGNED NOT NULL,
  `status` varchar(255) NOT NULL DEFAULT 'ว่าง' COMMENT 'สถานะห้อง',
  `created_at` timestamp NULL DEFAULT NULL,
  `updated_at` timestamp NULL DEFAULT NULL
) ENGINE=InnoDB DEFAULT CHARSET=utf8mb4 COLLATE=utf8mb4_unicode_ci;

--
-- Dumping data for table `rooms`
--

INSERT INTO `rooms` (`id`, `room_number`, `room_price_id`, `status`, `created_at`, `updated_at`) VALUES
(1, '1101', 1, 'ว่าง', '2026-01-04 03:57:30', '2026-01-06 10:06:38'),
(3, '1102', 1, 'ว่าง', '2026-01-04 05:19:21', '2026-01-06 08:21:57'),
(4, '1103', 1, 'ว่าง', '2026-01-04 05:19:54', '2026-01-05 08:29:32'),
(5, '1104', 1, 'ว่าง', '2026-01-04 05:21:28', '2026-01-04 05:21:28'),
(6, '1105', 2, 'ว่าง', '2026-01-04 05:22:21', '2026-01-04 05:22:21'),
(7, '1106', 1, 'ว่าง', '2026-01-04 05:22:54', '2026-01-04 05:22:54'),
(8, '1107', 1, 'ว่าง', '2026-01-04 05:23:25', '2026-01-04 05:23:25'),
(9, '1108', 2, 'ว่าง', '2026-01-04 05:25:26', '2026-01-04 05:25:26'),
(10, '1109', 1, 'ว่าง', '2026-01-04 05:28:52', '2026-01-04 05:28:52'),
(11, '1110', 1, 'ว่าง', '2026-01-04 05:30:05', '2026-01-04 05:30:05'),
(12, '1111', 1, 'ว่าง', '2026-01-04 05:30:38', '2026-01-04 05:30:38'),
(13, '1112', 1, 'ว่าง', '2026-01-04 05:31:10', '2026-01-04 05:31:10'),
(14, '1113', 1, 'ว่าง', '2026-01-04 05:31:39', '2026-01-04 05:31:39'),
(15, '1201', 5, 'ว่าง', '2026-01-04 05:44:20', '2026-01-04 05:44:20'),
(16, '1202', 5, 'ว่าง', '2026-01-04 05:47:12', '2026-01-04 05:47:12'),
(17, '1203', 5, 'ว่าง', '2026-01-04 05:48:13', '2026-01-04 05:48:13'),
(18, '1204', 5, 'ว่าง', '2026-01-04 05:48:28', '2026-01-04 05:48:28'),
(19, '1205', 5, 'ว่าง', '2026-01-04 05:48:37', '2026-01-04 05:48:37'),
(20, '1206', 6, 'ว่าง', '2026-01-04 05:50:09', '2026-01-04 05:50:09'),
(21, '1207', 5, 'ว่าง', '2026-01-04 05:50:43', '2026-01-04 05:50:43'),
(22, '1208', 6, 'ว่าง', '2026-01-04 05:51:29', '2026-01-04 05:51:29'),
(23, '1209', 5, 'ว่าง', '2026-01-04 05:52:52', '2026-01-04 05:52:52'),
(24, '1210', 5, 'ว่าง', '2026-01-04 05:53:03', '2026-01-04 05:53:03'),
(25, '1211', 5, 'ว่าง', '2026-01-04 05:53:17', '2026-01-04 05:53:17'),
(26, '1212', 5, 'ว่าง', '2026-01-04 05:53:56', '2026-01-04 05:53:56'),
(27, '1213', 5, 'ว่าง', '2026-01-04 05:54:04', '2026-01-04 05:54:04'),
(28, '2102', 8, 'ว่าง', '2026-01-04 16:48:20', '2026-01-04 16:48:20'),
(29, '2103', 8, 'ว่าง', '2026-01-04 16:48:20', '2026-01-04 16:48:20'),
(30, '2104', 7, 'ว่าง', '2026-01-04 16:48:20', '2026-01-04 16:48:20'),
(31, '2105', 7, 'ว่าง', '2026-01-04 16:48:20', '2026-01-04 16:48:20'),
(32, '2106', 7, 'ว่าง', '2026-01-04 16:48:20', '2026-01-04 16:48:20'),
(33, '2107', 8, 'ว่าง', '2026-01-04 16:48:20', '2026-01-04 16:48:20'),
(34, '2108', 12, 'ว่าง', '2026-01-04 16:48:20', '2026-01-04 16:48:20'),
(35, '2109', 7, 'ว่าง', '2026-01-04 16:48:20', '2026-01-04 16:48:20'),
(36, '2110', 9, 'ว่าง', '2026-01-04 16:48:20', '2026-01-04 16:48:20'),
(37, '2111', 10, 'ว่าง', '2026-01-04 16:48:20', '2026-01-04 16:48:20'),
(38, '2112', 10, 'ว่าง', '2026-01-04 16:48:20', '2026-01-04 16:48:20'),
(39, '2113', 10, 'ว่าง', '2026-01-04 16:48:20', '2026-01-04 16:48:20'),
(40, '2114', 10, 'ว่าง', '2026-01-04 16:48:20', '2026-01-04 16:48:20'),
(41, '2115', 10, 'ว่าง', '2026-01-04 16:48:20', '2026-01-04 16:48:20'),
(42, '2116', 10, 'ว่าง', '2026-01-04 16:48:20', '2026-01-04 16:48:20'),
(43, '2117', 8, 'ว่าง', '2026-01-04 16:48:20', '2026-01-04 16:48:20'),
(44, '2118', 8, 'ว่าง', '2026-01-04 16:48:20', '2026-01-04 16:48:20'),
(45, '2119', 8, 'ว่าง', '2026-01-04 16:48:20', '2026-01-04 16:48:20'),
(46, '2120', 8, 'ว่าง', '2026-01-04 16:48:20', '2026-01-04 16:48:20'),
(47, '2121', 10, 'ว่าง', '2026-01-04 16:48:20', '2026-01-04 16:48:20'),
(48, '2122', 11, 'ว่าง', '2026-01-04 16:48:20', '2026-01-04 16:48:20'),
(49, '2123', 11, 'ว่าง', '2026-01-04 16:48:20', '2026-01-04 16:48:20'),
(50, '2124', 12, 'ว่าง', '2026-01-04 16:48:20', '2026-01-04 16:48:20'),
(51, '2125', 7, 'ว่าง', '2026-01-04 16:48:20', '2026-01-04 16:48:20'),
(52, '2201', 13, 'ว่าง', '2026-01-04 16:51:24', '2026-01-04 16:51:24'),
(53, '2202', 13, 'ว่าง', '2026-01-04 16:51:24', '2026-01-04 16:51:24'),
(54, '2203', 16, 'ว่าง', '2026-01-04 16:51:24', '2026-01-04 16:51:24'),
(55, '2204', 13, 'ว่าง', '2026-01-04 16:51:24', '2026-01-04 16:51:24'),
(56, '2205', 15, 'ว่าง', '2026-01-04 16:51:24', '2026-01-04 16:51:24'),
(57, '2206', 13, 'ว่าง', '2026-01-04 16:51:24', '2026-01-04 16:51:24'),
(58, '2207', 13, 'ว่าง', '2026-01-04 16:51:24', '2026-01-04 16:51:24'),
(59, '2208', 17, 'ว่าง', '2026-01-04 16:51:24', '2026-01-04 16:51:24'),
(60, '2209', 13, 'ว่าง', '2026-01-04 16:51:24', '2026-01-04 16:51:24'),
(61, '2210', 15, 'ว่าง', '2026-01-04 16:51:24', '2026-01-04 16:51:24'),
(62, '2211', 15, 'ว่าง', '2026-01-04 16:51:24', '2026-01-04 16:51:24'),
(63, '2212', 15, 'ว่าง', '2026-01-04 16:51:24', '2026-01-04 16:51:24'),
(64, '2213', 15, 'ว่าง', '2026-01-04 16:51:24', '2026-01-04 16:51:24'),
(65, '2214', 15, 'ว่าง', '2026-01-04 16:51:24', '2026-01-04 16:51:24'),
(66, '2215', 15, 'ว่าง', '2026-01-04 16:51:24', '2026-01-04 16:51:24'),
(67, '2216', 13, 'ว่าง', '2026-01-04 16:51:24', '2026-01-04 16:51:24'),
(68, '2217', 13, 'ว่าง', '2026-01-04 16:51:24', '2026-01-04 16:51:24'),
(69, '2218', 16, 'ว่าง', '2026-01-04 16:51:24', '2026-01-04 16:51:24'),
(70, '2219', 13, 'ว่าง', '2026-01-04 16:51:24', '2026-01-04 16:51:24'),
(71, '2220', 15, 'ว่าง', '2026-01-04 16:51:24', '2026-01-04 16:51:24'),
(72, '2221', 15, 'ว่าง', '2026-01-04 16:51:24', '2026-01-04 16:51:24'),
(73, '2222', 16, 'ว่าง', '2026-01-04 16:51:24', '2026-01-04 16:51:24'),
(74, '2223', 17, 'ว่าง', '2026-01-04 16:51:24', '2026-01-04 16:51:24'),
(75, '2224', 17, 'ว่าง', '2026-01-04 16:51:24', '2026-01-04 16:51:24'),
(76, '2225', 15, 'ว่าง', '2026-01-04 16:51:24', '2026-01-04 16:51:24'),
(77, '2301', 18, 'ว่าง', '2026-01-04 16:53:56', '2026-01-04 16:53:56'),
(78, '2302', 18, 'ว่าง', '2026-01-04 16:53:56', '2026-01-04 16:53:56'),
(79, '2303', 18, 'ว่าง', '2026-01-04 16:53:56', '2026-01-04 16:53:56'),
(80, '2304', 18, 'ว่าง', '2026-01-04 16:53:56', '2026-01-04 16:53:56'),
(81, '2305', 19, 'ว่าง', '2026-01-04 16:53:56', '2026-01-04 16:53:56'),
(82, '2306', 18, 'ว่าง', '2026-01-04 16:53:56', '2026-01-04 16:53:56'),
(83, '2307', 18, 'ว่าง', '2026-01-04 16:53:56', '2026-01-04 16:53:56'),
(84, '2308', 22, 'ว่าง', '2026-01-04 16:53:56', '2026-01-04 16:53:56'),
(85, '2309', 18, 'ว่าง', '2026-01-04 16:53:56', '2026-01-04 16:53:56'),
(86, '2310', 20, 'ว่าง', '2026-01-04 16:53:56', '2026-01-04 16:53:56'),
(87, '2311', 20, 'ว่าง', '2026-01-04 16:53:56', '2026-01-04 16:53:56'),
(88, '2312', 20, 'ว่าง', '2026-01-04 16:53:56', '2026-01-04 16:53:56'),
(89, '2313', 20, 'ว่าง', '2026-01-04 16:53:56', '2026-01-04 16:53:56'),
(90, '2314', 20, 'ว่าง', '2026-01-04 16:53:56', '2026-01-04 16:53:56'),
(91, '2315', 20, 'ว่าง', '2026-01-04 16:53:56', '2026-01-04 16:53:56'),
(92, '2316', 20, 'ว่าง', '2026-01-04 16:53:56', '2026-01-04 16:53:56'),
(93, '2317', 18, 'ว่าง', '2026-01-04 16:53:56', '2026-01-04 16:53:56'),
(94, '2318', 19, 'ว่าง', '2026-01-04 16:53:56', '2026-01-04 16:53:56'),
(95, '2319', 21, 'ว่าง', '2026-01-04 16:53:56', '2026-01-04 16:53:56'),
(96, '2320', 20, 'ว่าง', '2026-01-04 16:53:56', '2026-01-04 16:53:56'),
(97, '2321', 20, 'ว่าง', '2026-01-04 16:53:56', '2026-01-04 16:53:56'),
(98, '2322', 22, 'ว่าง', '2026-01-04 16:53:56', '2026-01-04 16:53:56'),
(99, '2323', 22, 'ว่าง', '2026-01-04 16:53:56', '2026-01-04 16:53:56'),
(100, '2324', 22, 'ว่าง', '2026-01-04 16:53:56', '2026-01-04 16:53:56'),
(101, '2325', 20, 'ว่าง', '2026-01-04 16:53:56', '2026-01-04 16:53:56'),
(102, '2401', 23, 'ว่าง', '2026-01-04 16:56:06', '2026-01-04 16:56:06'),
(103, '2402', 24, 'ว่าง', '2026-01-04 16:56:06', '2026-01-04 16:56:06'),
(104, '2403', 23, 'ว่าง', '2026-01-04 16:56:06', '2026-01-04 16:56:06'),
(105, '2404', 24, 'ว่าง', '2026-01-04 16:56:06', '2026-01-04 16:56:06'),
(106, '2405', 23, 'ว่าง', '2026-01-04 16:56:06', '2026-01-04 16:56:06'),
(107, '2406', 24, 'ว่าง', '2026-01-04 16:56:06', '2026-01-04 16:56:06'),
(108, '2407', 23, 'ว่าง', '2026-01-04 16:56:06', '2026-01-04 16:56:06'),
(109, '2408', 24, 'ว่าง', '2026-01-04 16:56:06', '2026-01-04 16:56:06'),
(110, '2409', 23, 'ว่าง', '2026-01-04 16:56:06', '2026-01-04 16:56:06'),
(111, '2410', 23, 'ว่าง', '2026-01-04 16:56:06', '2026-01-04 16:56:06'),
(112, '2411', 23, 'ว่าง', '2026-01-04 16:56:06', '2026-01-04 16:56:06'),
(113, '2412', 23, 'ว่าง', '2026-01-04 16:56:06', '2026-01-04 16:56:06'),
(114, '2413', 23, 'ว่าง', '2026-01-04 16:56:06', '2026-01-04 16:56:06'),
(115, '2414', 23, 'ว่าง', '2026-01-04 16:56:06', '2026-01-04 16:56:06'),
(116, '2415', 23, 'ว่าง', '2026-01-04 16:56:06', '2026-01-04 16:56:06'),
(117, '2416', 23, 'ว่าง', '2026-01-04 16:56:06', '2026-01-04 16:56:06'),
(118, '2417', 23, 'ว่าง', '2026-01-04 16:56:06', '2026-01-04 16:56:06'),
(119, '2418', 23, 'ว่าง', '2026-01-04 16:56:06', '2026-01-04 16:56:06'),
(120, '2419', 23, 'ว่าง', '2026-01-04 16:56:06', '2026-01-04 16:56:06'),
(121, '2420', 23, 'ว่าง', '2026-01-04 16:56:06', '2026-01-04 16:56:06'),
(122, '2421', 23, 'ว่าง', '2026-01-04 16:56:06', '2026-01-04 16:56:06'),
(123, '2422', 24, 'ว่าง', '2026-01-04 16:56:06', '2026-01-04 16:56:06'),
(124, '2423', 24, 'ว่าง', '2026-01-04 16:56:06', '2026-01-04 16:56:06'),
(125, '2424', 24, 'ว่าง', '2026-01-04 16:56:06', '2026-01-04 16:56:06'),
(126, '2425', 23, 'ว่าง', '2026-01-04 16:56:06', '2026-01-04 16:56:06'),
(127, '3101', 27, 'ว่าง', '2026-01-04 17:12:26', '2026-01-04 17:12:26'),
(128, '3102', 27, 'ว่าง', '2026-01-04 17:12:26', '2026-01-04 17:12:26'),
(129, '3103', 27, 'ว่าง', '2026-01-04 17:12:26', '2026-01-04 17:12:26'),
(130, '3104', 27, 'ว่าง', '2026-01-04 17:12:26', '2026-01-04 17:12:26'),
(131, '3105', 27, 'ว่าง', '2026-01-04 17:12:26', '2026-01-04 17:12:26'),
(132, '3106', 27, 'ว่าง', '2026-01-04 17:12:26', '2026-01-04 17:12:26'),
(133, '3107', 27, 'ว่าง', '2026-01-04 17:12:26', '2026-01-04 17:12:26'),
(134, '3108', 25, 'ว่าง', '2026-01-04 17:12:26', '2026-01-04 17:12:26'),
(135, '3109', 27, 'ว่าง', '2026-01-04 17:12:26', '2026-01-04 17:12:26'),
(136, '3110', 27, 'ว่าง', '2026-01-04 17:12:26', '2026-01-04 17:12:26'),
(137, '3111', 28, 'ว่าง', '2026-01-04 17:12:26', '2026-01-04 17:12:26'),
(138, '3112', 25, 'ว่าง', '2026-01-04 17:12:26', '2026-01-04 17:12:26'),
(139, '3113', 27, 'ว่าง', '2026-01-04 17:12:26', '2026-01-04 17:12:26'),
(140, '3114', 28, 'ว่าง', '2026-01-04 17:12:26', '2026-01-04 17:12:26'),
(141, '3115', 28, 'ว่าง', '2026-01-04 17:12:26', '2026-01-04 17:12:26'),
(142, '3116', 25, 'ว่าง', '2026-01-04 17:12:26', '2026-01-04 17:12:26'),
(143, '3117', 27, 'ว่าง', '2026-01-04 17:12:26', '2026-01-04 17:12:26'),
(144, '3118', 27, 'ว่าง', '2026-01-04 17:12:26', '2026-01-04 17:12:26'),
(145, '3119', 25, 'ว่าง', '2026-01-04 17:12:26', '2026-01-04 17:12:26'),
(146, '3120', 25, 'ว่าง', '2026-01-04 17:12:26', '2026-01-04 17:12:26'),
(147, '3121', 28, 'ว่าง', '2026-01-04 17:12:26', '2026-01-04 17:12:26'),
(148, '3122', 26, 'ว่าง', '2026-01-04 17:12:26', '2026-01-04 17:12:26'),
(149, '3123', 27, 'ว่าง', '2026-01-04 17:12:26', '2026-01-04 17:12:26'),
(150, '3124', 27, 'ว่าง', '2026-01-04 17:12:26', '2026-01-04 17:12:26'),
(151, '3125', 25, 'ว่าง', '2026-01-04 17:12:26', '2026-01-04 17:12:26'),
(152, '3126', 27, 'ว่าง', '2026-01-04 17:12:26', '2026-01-04 17:12:26'),
(153, '3127', 26, 'ว่าง', '2026-01-04 17:12:26', '2026-01-04 17:12:26'),
(154, '3128', 27, 'ว่าง', '2026-01-04 17:12:26', '2026-01-04 17:12:26'),
(155, '3129', 25, 'ว่าง', '2026-01-04 17:12:26', '2026-01-04 17:12:26'),
(156, '3201', 29, 'ว่าง', '2026-01-04 17:13:31', '2026-01-04 17:13:31'),
(157, '3202', 31, 'ว่าง', '2026-01-04 17:13:31', '2026-01-04 17:13:31'),
(158, '3203', 31, 'ว่าง', '2026-01-04 17:13:31', '2026-01-04 17:13:31'),
(159, '3204', 31, 'ว่าง', '2026-01-04 17:13:31', '2026-01-04 17:13:31'),
(160, '3205', 31, 'ว่าง', '2026-01-04 17:13:31', '2026-01-04 17:13:31'),
(161, '3206', 31, 'ว่าง', '2026-01-04 17:13:31', '2026-01-04 17:13:31'),
(162, '3207', 31, 'ว่าง', '2026-01-04 17:13:31', '2026-01-04 17:13:31'),
(163, '3208', 29, 'ว่าง', '2026-01-04 17:13:31', '2026-01-04 17:13:31'),
(164, '3209', 31, 'ว่าง', '2026-01-04 17:13:31', '2026-01-04 17:13:31'),
(165, '3210', 31, 'ว่าง', '2026-01-04 17:13:31', '2026-01-04 17:13:31'),
(166, '3211', 31, 'ว่าง', '2026-01-04 17:13:31', '2026-01-04 17:13:31'),
(167, '3212', 31, 'ว่าง', '2026-01-04 17:13:31', '2026-01-04 17:13:31'),
(168, '3213', 31, 'ว่าง', '2026-01-04 17:13:31', '2026-01-04 17:13:31'),
(169, '3214', 31, 'ว่าง', '2026-01-04 17:13:31', '2026-01-04 17:13:31'),
(170, '3215', 30, 'ว่าง', '2026-01-04 17:13:31', '2026-01-04 17:13:31'),
(171, '3216', 31, 'ว่าง', '2026-01-04 17:13:31', '2026-01-04 17:13:31'),
(172, '3217', 31, 'ว่าง', '2026-01-04 17:13:31', '2026-01-04 17:13:31'),
(173, '3218', 31, 'ว่าง', '2026-01-04 17:13:31', '2026-01-04 17:13:31'),
(174, '3219', 31, 'ว่าง', '2026-01-04 17:13:31', '2026-01-04 17:13:31'),
(175, '3220', 31, 'ว่าง', '2026-01-04 17:13:31', '2026-01-04 17:13:31'),
(176, '3221', 31, 'ว่าง', '2026-01-04 17:13:31', '2026-01-04 17:13:31'),
(177, '3222', 31, 'ว่าง', '2026-01-04 17:13:31', '2026-01-04 17:13:31'),
(178, '3223', 29, 'ว่าง', '2026-01-04 17:13:31', '2026-01-04 17:13:31'),
(179, '3224', 31, 'ว่าง', '2026-01-04 17:13:31', '2026-01-04 17:13:31'),
(180, '3225', 31, 'ว่าง', '2026-01-04 17:13:31', '2026-01-04 17:13:31'),
(181, '3226', 31, 'ว่าง', '2026-01-04 17:13:31', '2026-01-04 17:13:31'),
(182, '3227', 31, 'ว่าง', '2026-01-04 17:13:31', '2026-01-04 17:13:31'),
(183, '3228', 31, 'ว่าง', '2026-01-04 17:13:31', '2026-01-04 17:13:31'),
(184, '3229', 31, 'ว่าง', '2026-01-04 17:13:31', '2026-01-04 17:13:31'),
(185, '3230', 31, 'ว่าง', '2026-01-04 17:13:31', '2026-01-04 17:13:31'),
(186, '3231', 31, 'ว่าง', '2026-01-04 17:13:31', '2026-01-04 17:13:31'),
(187, '3301', 32, 'ว่าง', '2026-01-04 17:14:27', '2026-01-04 17:14:27'),
(188, '3302', 32, 'ว่าง', '2026-01-04 17:14:27', '2026-01-04 17:14:27'),
(189, '3303', 32, 'ว่าง', '2026-01-04 17:14:27', '2026-01-04 17:14:27'),
(190, '3304', 32, 'ว่าง', '2026-01-04 17:14:27', '2026-01-04 17:14:27'),
(191, '3305', 32, 'ว่าง', '2026-01-04 17:14:27', '2026-01-04 17:14:27'),
(192, '3306', 32, 'ว่าง', '2026-01-04 17:14:27', '2026-01-04 17:14:27'),
(193, '3307', 32, 'ว่าง', '2026-01-04 17:14:27', '2026-01-04 17:14:27'),
(194, '3308', 32, 'ว่าง', '2026-01-04 17:14:27', '2026-01-04 17:14:27'),
(195, '3309', 32, 'ว่าง', '2026-01-04 17:14:27', '2026-01-04 17:14:27'),
(196, '3310', 32, 'ว่าง', '2026-01-04 17:14:27', '2026-01-04 17:14:27'),
(197, '3311', 32, 'ว่าง', '2026-01-04 17:14:27', '2026-01-04 17:14:27'),
(198, '3312', 32, 'ว่าง', '2026-01-04 17:14:27', '2026-01-04 17:14:27'),
(199, '3313', 32, 'ว่าง', '2026-01-04 17:14:27', '2026-01-04 17:14:27'),
(200, '3314', 32, 'ว่าง', '2026-01-04 17:14:27', '2026-01-04 17:14:27'),
(201, '3315', 32, 'ว่าง', '2026-01-04 17:14:27', '2026-01-04 17:14:27'),
(202, '3316', 32, 'ว่าง', '2026-01-04 17:14:27', '2026-01-04 17:14:27'),
(203, '3317', 32, 'ว่าง', '2026-01-04 17:14:27', '2026-01-04 17:14:27'),
(204, '3318', 32, 'ว่าง', '2026-01-04 17:14:27', '2026-01-04 17:14:27'),
(205, '3319', 32, 'ว่าง', '2026-01-04 17:14:27', '2026-01-04 17:14:27'),
(206, '3320', 32, 'ว่าง', '2026-01-04 17:14:27', '2026-01-04 17:14:27'),
(207, '3321', 32, 'ว่าง', '2026-01-04 17:14:27', '2026-01-04 17:14:27'),
(208, '3322', 32, 'ว่าง', '2026-01-04 17:14:27', '2026-01-04 17:14:27'),
(209, '3323', 32, 'ว่าง', '2026-01-04 17:14:27', '2026-01-04 17:14:27'),
(210, '3324', 32, 'ว่าง', '2026-01-04 17:14:27', '2026-01-04 17:14:27'),
(211, '3325', 32, 'ว่าง', '2026-01-04 17:14:27', '2026-01-04 17:14:27'),
(212, '3326', 32, 'ว่าง', '2026-01-04 17:14:27', '2026-01-04 17:14:27'),
(213, '3327', 32, 'ว่าง', '2026-01-04 17:14:27', '2026-01-04 17:14:27'),
(214, '3328', 32, 'ว่าง', '2026-01-04 17:14:27', '2026-01-04 17:14:27'),
(215, '3329', 32, 'ว่าง', '2026-01-04 17:14:27', '2026-01-04 17:14:27'),
(216, '3330', 32, 'ว่าง', '2026-01-04 17:14:27', '2026-01-04 17:14:27'),
(217, '3331', 32, 'ว่าง', '2026-01-04 17:14:27', '2026-01-04 17:14:27'),
(218, '3401', 33, 'ว่าง', '2026-01-04 17:15:44', '2026-01-04 17:15:44'),
(219, '3402', 33, 'ว่าง', '2026-01-04 17:15:44', '2026-01-04 17:15:44'),
(220, '3403', 33, 'ว่าง', '2026-01-04 17:15:44', '2026-01-04 17:15:44'),
(221, '3404', 33, 'ว่าง', '2026-01-04 17:15:44', '2026-01-04 17:15:44'),
(222, '3405', 33, 'ว่าง', '2026-01-04 17:15:44', '2026-01-04 17:15:44'),
(223, '3406', 33, 'ว่าง', '2026-01-04 17:15:44', '2026-01-04 17:15:44'),
(224, '3407', 33, 'ว่าง', '2026-01-04 17:15:44', '2026-01-04 17:15:44'),
(225, '3408', 33, 'ว่าง', '2026-01-04 17:15:44', '2026-01-04 17:15:44'),
(226, '3409', 33, 'ว่าง', '2026-01-04 17:15:44', '2026-01-04 17:15:44'),
(227, '3410', 33, 'ว่าง', '2026-01-04 17:15:44', '2026-01-04 17:15:44'),
(228, '3411', 33, 'ว่าง', '2026-01-04 17:15:44', '2026-01-04 17:15:44'),
(229, '3412', 33, 'ว่าง', '2026-01-04 17:15:44', '2026-01-04 17:15:44'),
(230, '3413', 33, 'ว่าง', '2026-01-04 17:15:44', '2026-01-04 17:15:44'),
(231, '3414', 33, 'ว่าง', '2026-01-04 17:15:44', '2026-01-04 17:15:44'),
(232, '3415', 33, 'ว่าง', '2026-01-04 17:15:44', '2026-01-04 17:15:44'),
(233, '3416', 33, 'ว่าง', '2026-01-04 17:15:44', '2026-01-04 17:15:44'),
(234, '3417', 33, 'ว่าง', '2026-01-04 17:15:44', '2026-01-04 17:15:44'),
(235, '3418', 33, 'ว่าง', '2026-01-04 17:15:44', '2026-01-04 17:15:44'),
(236, '3419', 33, 'ว่าง', '2026-01-04 17:15:44', '2026-01-04 17:15:44'),
(237, '3420', 33, 'ว่าง', '2026-01-04 17:15:44', '2026-01-04 17:15:44'),
(238, '3421', 33, 'ว่าง', '2026-01-04 17:15:44', '2026-01-04 17:15:44'),
(239, '3422', 33, 'ว่าง', '2026-01-04 17:15:44', '2026-01-04 17:15:44'),
(240, '3423', 33, 'ว่าง', '2026-01-04 17:15:44', '2026-01-04 17:15:44'),
(241, '3424', 33, 'ว่าง', '2026-01-04 17:15:44', '2026-01-04 17:15:44'),
(242, '3425', 33, 'ว่าง', '2026-01-04 17:15:44', '2026-01-04 17:15:44'),
(243, '3426', 33, 'ว่าง', '2026-01-04 17:15:44', '2026-01-04 17:15:44'),
(244, '3427', 33, 'ว่าง', '2026-01-04 17:15:44', '2026-01-04 17:15:44'),
(245, '3428', 33, 'ว่าง', '2026-01-04 17:15:44', '2026-01-04 17:15:44'),
(246, '3429', 33, 'ว่าง', '2026-01-04 17:15:44', '2026-01-04 17:15:44'),
(247, '3430', 33, 'ว่าง', '2026-01-04 17:15:44', '2026-01-04 17:15:44'),
(248, '3431', 33, 'ว่าง', '2026-01-04 17:15:44', '2026-01-04 17:15:44'),
(249, '3501', 34, 'ว่าง', '2026-01-04 17:18:38', '2026-01-04 17:18:38'),
(250, '3502', 34, 'ว่าง', '2026-01-04 17:18:38', '2026-01-04 17:18:38'),
(251, '3503', 34, 'ว่าง', '2026-01-04 17:18:38', '2026-01-04 17:18:38'),
(252, '3504', 34, 'ว่าง', '2026-01-04 17:18:38', '2026-01-04 17:18:38'),
(253, '3505', 34, 'ว่าง', '2026-01-04 17:18:38', '2026-01-04 17:18:38'),
(254, '3506', 34, 'ว่าง', '2026-01-04 17:18:38', '2026-01-04 17:18:38'),
(255, '3507', 34, 'ว่าง', '2026-01-04 17:18:38', '2026-01-04 17:18:38'),
(256, '3508', 34, 'ว่าง', '2026-01-04 17:18:38', '2026-01-04 17:18:38'),
(257, '3509', 34, 'ว่าง', '2026-01-04 17:18:38', '2026-01-04 17:18:38'),
(258, '3510', 34, 'ว่าง', '2026-01-04 17:18:38', '2026-01-04 17:18:38'),
(259, '3511', 34, 'ว่าง', '2026-01-04 17:18:38', '2026-01-04 17:18:38'),
(260, '3512', 34, 'ว่าง', '2026-01-04 17:18:38', '2026-01-04 17:18:38'),
(261, '3513', 34, 'ว่าง', '2026-01-04 17:18:38', '2026-01-04 17:18:38'),
(262, '3514', 34, 'ว่าง', '2026-01-04 17:18:38', '2026-01-04 17:18:38'),
(263, '3515', 34, 'ว่าง', '2026-01-04 17:18:38', '2026-01-04 17:18:38'),
(264, '3516', 34, 'ว่าง', '2026-01-04 17:18:38', '2026-01-04 17:18:38'),
(265, '3517', 34, 'ว่าง', '2026-01-04 17:18:38', '2026-01-04 17:18:38'),
(266, '3518', 34, 'ว่าง', '2026-01-04 17:18:38', '2026-01-04 17:18:38'),
(267, '3519', 34, 'ว่าง', '2026-01-04 17:18:38', '2026-01-04 17:18:38'),
(268, '3520', 34, 'ว่าง', '2026-01-04 17:18:38', '2026-01-04 17:18:38'),
(269, '3521', 34, 'ว่าง', '2026-01-04 17:18:38', '2026-01-04 17:18:38'),
(270, '3522', 34, 'ว่าง', '2026-01-04 17:18:38', '2026-01-04 17:18:38'),
(271, '3523', 34, 'ว่าง', '2026-01-04 17:18:38', '2026-01-04 17:18:38'),
(272, '3524', 34, 'ว่าง', '2026-01-04 17:18:38', '2026-01-04 17:18:38'),
(273, '3525', 34, 'ว่าง', '2026-01-04 17:18:38', '2026-01-04 17:18:38'),
(274, '3526', 34, 'ว่าง', '2026-01-04 17:18:38', '2026-01-04 17:18:38'),
(275, '3527', 34, 'ว่าง', '2026-01-04 17:18:38', '2026-01-04 17:18:38'),
(276, '3528', 34, 'ว่าง', '2026-01-04 17:18:38', '2026-01-04 17:18:38'),
(277, '3529', 34, 'ว่าง', '2026-01-04 17:18:38', '2026-01-04 17:18:38'),
(278, '3530', 34, 'ว่าง', '2026-01-04 17:18:38', '2026-01-04 17:18:38'),
(279, '3531', 34, 'ว่าง', '2026-01-04 17:18:38', '2026-01-04 17:18:38');

-- --------------------------------------------------------

--
-- Table structure for table `room_prices`
--

CREATE TABLE `room_prices` (
  `id` bigint(20) UNSIGNED NOT NULL,
  `building_id` bigint(20) UNSIGNED NOT NULL,
  `room_type_id` bigint(20) UNSIGNED NOT NULL,
  `floor_num` int(11) NOT NULL COMMENT 'ชั้นที่ตั้งอยู่',
  `price` decimal(10,2) NOT NULL COMMENT 'ราคาห้อง',
  `color_code` varchar(255) DEFAULT NULL COMMENT 'เก็บรูปสีประเภทห้อง path',
  `created_at` timestamp NULL DEFAULT NULL,
  `updated_at` timestamp NULL DEFAULT NULL
) ENGINE=InnoDB DEFAULT CHARSET=utf8mb4 COLLATE=utf8mb4_unicode_ci;

--
-- Dumping data for table `room_prices`
--

INSERT INTO `room_prices` (`id`, `building_id`, `room_type_id`, `floor_num`, `price`, `color_code`, `created_at`, `updated_at`) VALUES
(1, 1, 1, 1, 2000.00, 'room_prices/1767456974_1.jpg', '2026-01-03 07:59:05', '2026-01-03 09:25:44'),
(2, 1, 1, 1, 1800.00, 'room_prices/1767454823_2.jpg', '2026-01-03 08:40:23', '2026-01-03 08:40:23'),
(5, 1, 1, 2, 2000.00, 'room_prices/1767508889_1.jpg', '2026-01-03 23:41:31', '2026-01-03 23:41:31'),
(6, 1, 1, 2, 1800.00, 'room_prices/1767509325_2.jpg', '2026-01-03 23:48:45', '2026-01-03 23:48:45'),
(7, 2, 3, 1, 2100.00, 'room_prices/1767513736_1-1.jpg', '2026-01-04 01:02:17', '2026-01-04 01:02:17'),
(8, 2, 1, 1, 2000.00, 'room_prices/1767514721_1-2.jpg', '2026-01-04 01:18:42', '2026-01-04 01:18:42'),
(9, 2, 1, 1, 1900.00, 'room_prices/1767515131_1-3.jpg', '2026-01-04 01:25:31', '2026-01-04 01:25:31'),
(10, 2, 1, 1, 1800.00, 'room_prices/1767515180_1-4.jpg', '2026-01-04 01:26:20', '2026-01-04 01:26:20'),
(11, 2, 1, 1, 1700.00, 'room_prices/1767515801_1-5.jpg', '2026-01-04 01:36:41', '2026-01-04 01:36:41'),
(12, 2, 1, 1, 1600.00, 'room_prices/1767515968_1-6.jpg', '2026-01-04 01:39:28', '2026-01-04 01:39:28'),
(13, 2, 1, 2, 2000.00, 'room_prices/1767516786_2-1.jpg', '2026-01-04 01:53:06', '2026-01-04 01:53:06'),
(14, 2, 1, 2, 1900.00, 'room_prices/1767516812_2-2.jpg', '2026-01-04 01:53:33', '2026-01-04 01:53:33'),
(15, 2, 1, 2, 1800.00, 'room_prices/1767516831_2-3.jpg', '2026-01-04 01:53:51', '2026-01-04 01:53:51'),
(16, 2, 1, 2, 1700.00, 'room_prices/1767516845_2-4.jpg', '2026-01-04 01:54:05', '2026-01-04 01:54:05'),
(17, 2, 1, 2, 1600.00, 'room_prices/1767516944_2-5.jpg', '2026-01-04 01:55:44', '2026-01-04 01:55:44'),
(18, 2, 1, 3, 2000.00, 'room_prices/1767517219_3-1.jpg', '2026-01-04 02:00:19', '2026-01-04 02:00:19'),
(19, 2, 1, 3, 1900.00, 'room_prices/1767518935_3-2.jpg', '2026-01-04 02:28:55', '2026-01-04 02:28:55'),
(20, 2, 1, 3, 1800.00, 'room_prices/1767518968_3-3.jpg', '2026-01-04 02:29:28', '2026-01-04 02:29:28'),
(21, 2, 1, 3, 1700.00, 'room_prices/1767519092_3-4.jpg', '2026-01-04 02:31:32', '2026-01-04 02:31:32'),
(22, 2, 1, 3, 1600.00, 'room_prices/1767519106_3-5.jpg', '2026-01-04 02:31:46', '2026-01-04 02:31:46'),
(23, 2, 1, 4, 1700.00, 'room_prices/1767519126_4-1.jpg', '2026-01-04 02:32:06', '2026-01-04 02:32:06'),
(24, 2, 1, 4, 1600.00, 'room_prices/1767519144_4-2.jpg', '2026-01-04 02:32:24', '2026-01-04 02:32:24'),
(25, 3, 4, 1, 3000.00, 'room_prices/1767520431_1-1.jpg', '2026-01-04 02:53:51', '2026-01-04 02:53:51'),
(26, 3, 2, 1, 2500.00, 'room_prices/1767520445_1-2.jpg', '2026-01-04 02:54:05', '2026-01-04 02:54:05'),
(27, 3, 3, 1, 2200.00, 'room_prices/1767520461_1-3.jpg', '2026-01-04 02:54:21', '2026-01-04 02:54:21'),
(28, 3, 1, 1, 1700.00, 'room_prices/1767520477_1-4.jpg', '2026-01-04 02:54:38', '2026-01-04 02:54:38'),
(29, 3, 2, 2, 2400.00, 'room_prices/1767520495_2-1.jpg', '2026-01-04 02:54:55', '2026-01-04 02:54:55'),
(30, 3, 3, 2, 2200.00, 'room_prices/1767520513_2-2.jpg', '2026-01-04 02:55:13', '2026-01-04 02:55:13'),
(31, 3, 1, 2, 1700.00, 'room_prices/1767520528_2-3.jpg', '2026-01-04 02:55:28', '2026-01-04 02:55:28'),
(32, 3, 1, 3, 1600.00, 'room_prices/1767520547_3-1.jpg', '2026-01-04 02:55:47', '2026-01-04 02:55:47'),
(33, 3, 1, 4, 1500.00, 'room_prices/1767520562_4-1.jpg', '2026-01-04 02:56:02', '2026-01-04 02:56:02'),
(34, 3, 1, 5, 1400.00, 'room_prices/1767520580_5-1.jpg', '2026-01-04 02:56:20', '2026-01-04 02:56:20');

-- --------------------------------------------------------

--
-- Table structure for table `room_types`
--

CREATE TABLE `room_types` (
  `id` bigint(20) UNSIGNED NOT NULL,
  `name` varchar(255) NOT NULL COMMENT 'ชื่อประเภทห้อง',
  `created_at` timestamp NULL DEFAULT NULL,
  `updated_at` timestamp NULL DEFAULT NULL
) ENGINE=InnoDB DEFAULT CHARSET=utf8mb4 COLLATE=utf8mb4_unicode_ci;

--
-- Dumping data for table `room_types`
--

INSERT INTO `room_types` (`id`, `name`, `created_at`, `updated_at`) VALUES
(1, 'ห้องธรรมดา', '2026-01-02 18:06:15', '2026-01-02 18:06:15'),
(2, 'ห้องแอร์', '2026-01-02 18:06:15', '2026-01-02 18:06:15'),
(3, 'ห้องเฟอร์นิเจอร์', '2026-01-02 18:06:15', '2026-01-02 18:06:15'),
(4, 'ห้องแอร์พร้อมเฟอร์นิเจอร์', '2026-01-02 18:06:15', '2026-01-02 18:06:15');

-- --------------------------------------------------------

--
-- Table structure for table `sessions`
--

CREATE TABLE `sessions` (
  `id` varchar(255) NOT NULL,
  `user_id` bigint(20) UNSIGNED DEFAULT NULL,
  `ip_address` varchar(45) DEFAULT NULL,
  `user_agent` text DEFAULT NULL,
  `payload` longtext NOT NULL,
  `last_activity` int(11) NOT NULL
) ENGINE=InnoDB DEFAULT CHARSET=utf8mb4 COLLATE=utf8mb4_unicode_ci;

--
-- Dumping data for table `sessions`
--

INSERT INTO `sessions` (`id`, `user_id`, `ip_address`, `user_agent`, `payload`, `last_activity`) VALUES
('04zyR8PfRBr7qhIR28RxmvozY2R1yAVmhM1o9Gs0', 1, '127.0.0.1', 'Mozilla/5.0 (Windows NT 10.0; Win64; x64) AppleWebKit/537.36 (KHTML, like Gecko) Chrome/143.0.0.0 Safari/537.36', 'YTo0OntzOjY6Il90b2tlbiI7czo0MDoiYjBZWHBFMTVNSTU0bnpvZGptYWJJN3JPY0hKUkZPQURKSldMQjBXQiI7czo2OiJfZmxhc2giO2E6Mjp7czozOiJuZXciO2E6MDp7fXM6Mzoib2xkIjthOjA6e319czo5OiJfcHJldmlvdXMiO2E6Mjp7czozOiJ1cmwiO3M6Mzc6Imh0dHA6Ly8xMjcuMC4wLjE6ODAwMC9hZG1pbi9kYXNoYm9hcmQiO3M6NToicm91dGUiO3M6MTU6ImFkbWluLmRhc2hib2FyZCI7fXM6NTI6ImxvZ2luX2FkbWluXzU5YmEzNmFkZGMyYjJmOTQwMTU4MGYwMTRjN2Y1OGVhNGUzMDk4OWQiO2k6MTt9', 1767770876),
('FWR9wdlN5J1MqpCLipJ7odTkQ9CRaImkoqtEfIdJ', 1, '127.0.0.1', 'Mozilla/5.0 (Windows NT 10.0; Win64; x64) AppleWebKit/537.36 (KHTML, like Gecko) Chrome/143.0.0.0 Safari/537.36', 'YTo0OntzOjY6Il90b2tlbiI7czo0MDoiaGFSbEFqUmRJWXNDeW0wYWdtT3ZWaWhEMHZNMzdMbXdUU2s1NVpucCI7czo2OiJfZmxhc2giO2E6Mjp7czozOiJuZXciO2E6MDp7fXM6Mzoib2xkIjthOjA6e319czo5OiJfcHJldmlvdXMiO2E6Mjp7czozOiJ1cmwiO3M6NDA6Imh0dHA6Ly8xMjcuMC4wLjE6ODAwMC9hZG1pbi91c2Vyc19tYW5hZ2UiO3M6NToicm91dGUiO3M6MjM6ImFkbWluLnVzZXJzX21hbmFnZS5zaG93Ijt9czo1MjoibG9naW5fYWRtaW5fNTliYTM2YWRkYzJiMmY5NDAxNTgwZjAxNGM3ZjU4ZWE0ZTMwOTg5ZCI7aToxO30=', 1767719693);

-- --------------------------------------------------------

--
-- Table structure for table `tenants`
--

CREATE TABLE `tenants` (
  `id` bigint(20) UNSIGNED NOT NULL,
  `room_id` bigint(20) UNSIGNED NOT NULL,
  `id_card` varchar(255) NOT NULL,
  `password` varchar(255) DEFAULT NULL COMMENT 'รหัสผ่านสำหรับ Login',
  `first_name` varchar(255) NOT NULL COMMENT 'ชื่อผู้เช่า',
  `last_name` varchar(255) NOT NULL COMMENT 'นามสกุลผู้เช่า',
  `address_no` varchar(255) DEFAULT NULL COMMENT 'เลขที่',
  `moo` varchar(3) DEFAULT NULL COMMENT 'หมู่ที่',
  `sub_district` varchar(255) DEFAULT NULL COMMENT 'ตำบล/แขวง',
  `district` varchar(255) DEFAULT NULL COMMENT 'อำเภอ/เขต',
  `province` varchar(255) DEFAULT NULL COMMENT 'จังหวัด',
  `postal_code` varchar(5) DEFAULT NULL COMMENT 'รหัสไปรษณีย์',
  `phone` varchar(10) DEFAULT NULL COMMENT 'เบอร์โทรศัพท์',
  `start_date` date NOT NULL COMMENT 'วันที่เริ่มเช่า',
  `end_date` date DEFAULT NULL COMMENT 'วันที่สิ้นสุดการเช่า',
  `has_parking` tinyint(1) NOT NULL DEFAULT 0 COMMENT 'สถานะการใช้ที่จอดรถ: true=ใช้, false=ไม่ใช้',
  `resident_count` int(11) NOT NULL DEFAULT 1 COMMENT 'จำนวนผู้อยู่อาศัย',
  `rental_contract` varchar(255) NOT NULL COMMENT 'ไฟล์สัญญาเช่า path',
  `status` varchar(255) NOT NULL DEFAULT 'กำลังใช้งาน' COMMENT 'สถานะผู้เช่า กำลังใช้งาน/สิ้นสุดสัญญา',
  `created_at` timestamp NULL DEFAULT NULL,
  `updated_at` timestamp NULL DEFAULT NULL
) ENGINE=InnoDB DEFAULT CHARSET=utf8mb4 COLLATE=utf8mb4_unicode_ci;

--
-- Dumping data for table `tenants`
--

INSERT INTO `tenants` (`id`, `room_id`, `id_card`, `password`, `first_name`, `last_name`, `address_no`, `moo`, `sub_district`, `district`, `province`, `postal_code`, `phone`, `start_date`, `end_date`, `has_parking`, `resident_count`, `rental_contract`, `status`, `created_at`, `updated_at`) VALUES
(11, 1, '1104200374215', '$2y$12$4y3cX5fd5vd5wVtx.4zWl.ea9Cl.OBXXBjWDRn4fMdugkzezQoPKm', 'ธนากร', 'ศรีสวัสดิ์', '199', '4', 'บ้านสร้าง', 'บางปะอิน', 'พระนครศรีอยุธยา', '13170', '0929694070', '2026-01-06', '2026-01-06', 1, 1, 'tenants/1767713303_tenant_.pdf', 'สิ้นสุดสัญญา', '2026-01-06 08:28:23', '2026-01-06 08:31:57'),
(12, 1, '1104200374216', '$2y$12$V3vVcLyZBl7sAf9uQ8UP6ejxKYdyGaGrn8LX0ESKSypNW2hpp8Du6', 'โจโจ้', 'ศรีสวัสดิ์', '199', '4', 'บ้านสร้าง', 'บางปะอิน', 'พระนครศรีอยุธยา', '13170', '0929694071', '2026-01-06', '2026-01-06', 1, 1, 'tenants/1767713566_tenant_.pdf', 'สิ้นสุดสัญญา', '2026-01-06 08:32:47', '2026-01-06 08:35:04');

-- --------------------------------------------------------

--
-- Table structure for table `users`
--

CREATE TABLE `users` (
  `id` bigint(20) UNSIGNED NOT NULL,
  `username` varchar(255) NOT NULL,
  `password` varchar(255) NOT NULL,
  `firstname` varchar(255) NOT NULL COMMENT 'ชื่อจริง',
  `lastname` varchar(255) NOT NULL COMMENT 'นามสกุล',
  `role` varchar(255) NOT NULL DEFAULT 'พนักงาน' COMMENT 'ตำแหน่ง: ผู้บริหาร, พนักงาน',
  `status` varchar(255) NOT NULL DEFAULT 'ใช้งาน' COMMENT 'สถานะ: ใช้งาน, ระงับใช้งาน',
  `created_at` timestamp NULL DEFAULT NULL,
  `updated_at` timestamp NULL DEFAULT NULL
) ENGINE=InnoDB DEFAULT CHARSET=utf8mb4 COLLATE=utf8mb4_unicode_ci;

--
-- Dumping data for table `users`
--

INSERT INTO `users` (`id`, `username`, `password`, `firstname`, `lastname`, `role`, `status`, `created_at`, `updated_at`) VALUES
(1, 'admin', '$2y$12$kqAxy2PvyTjtMtDl/nluy.TVBYVLB4j0coP/5eT.7RC2iVL.b11n2', 'ณัฏฐพล', 'แซ่อึ้ง', 'ผู้บริหาร', 'ใช้งาน', '2025-12-31 10:07:13', '2025-12-31 10:07:13'),
(4, 'boing', '$2y$12$G60wkl6wfE2NwCmC2uu7..lCILtbCtldXiJExAQ/wRq/0kXoO7FXC', 'ธนา', 'กร', 'พนักงาน', 'ใช้งาน', '2026-01-06 23:46:33', '2026-01-06 23:46:33');

--
-- Indexes for dumped tables
--

--
-- Indexes for table `apartment`
--
ALTER TABLE `apartment`
  ADD PRIMARY KEY (`id`);

--
-- Indexes for table `buildings`
--
ALTER TABLE `buildings`
  ADD PRIMARY KEY (`id`);

--
-- Indexes for table `migrations`
--
ALTER TABLE `migrations`
  ADD PRIMARY KEY (`id`);

--
-- Indexes for table `rooms`
--
ALTER TABLE `rooms`
  ADD PRIMARY KEY (`id`),
  ADD UNIQUE KEY `rooms_room_number_unique` (`room_number`),
  ADD KEY `rooms_room_price_id_foreign` (`room_price_id`);

--
-- Indexes for table `room_prices`
--
ALTER TABLE `room_prices`
  ADD PRIMARY KEY (`id`),
  ADD KEY `room_prices_building_id_foreign` (`building_id`),
  ADD KEY `room_prices_room_type_id_foreign` (`room_type_id`);

--
-- Indexes for table `room_types`
--
ALTER TABLE `room_types`
  ADD PRIMARY KEY (`id`);

--
-- Indexes for table `sessions`
--
ALTER TABLE `sessions`
  ADD PRIMARY KEY (`id`),
  ADD KEY `sessions_user_id_index` (`user_id`),
  ADD KEY `sessions_last_activity_index` (`last_activity`);

--
-- Indexes for table `tenants`
--
ALTER TABLE `tenants`
  ADD PRIMARY KEY (`id`),
  ADD KEY `tenants_room_id_foreign` (`room_id`);

--
-- Indexes for table `users`
--
ALTER TABLE `users`
  ADD PRIMARY KEY (`id`),
  ADD UNIQUE KEY `users_username_unique` (`username`);

--
-- AUTO_INCREMENT for dumped tables
--

--
-- AUTO_INCREMENT for table `apartment`
--
ALTER TABLE `apartment`
  MODIFY `id` bigint(20) UNSIGNED NOT NULL AUTO_INCREMENT, AUTO_INCREMENT=2;

--
-- AUTO_INCREMENT for table `buildings`
--
ALTER TABLE `buildings`
  MODIFY `id` bigint(20) UNSIGNED NOT NULL AUTO_INCREMENT, AUTO_INCREMENT=4;

--
-- AUTO_INCREMENT for table `migrations`
--
ALTER TABLE `migrations`
  MODIFY `id` int(10) UNSIGNED NOT NULL AUTO_INCREMENT, AUTO_INCREMENT=11;

--
-- AUTO_INCREMENT for table `rooms`
--
ALTER TABLE `rooms`
  MODIFY `id` bigint(20) UNSIGNED NOT NULL AUTO_INCREMENT, AUTO_INCREMENT=280;

--
-- AUTO_INCREMENT for table `room_prices`
--
ALTER TABLE `room_prices`
  MODIFY `id` bigint(20) UNSIGNED NOT NULL AUTO_INCREMENT, AUTO_INCREMENT=35;

--
-- AUTO_INCREMENT for table `room_types`
--
ALTER TABLE `room_types`
  MODIFY `id` bigint(20) UNSIGNED NOT NULL AUTO_INCREMENT, AUTO_INCREMENT=10;

--
-- AUTO_INCREMENT for table `tenants`
--
ALTER TABLE `tenants`
  MODIFY `id` bigint(20) UNSIGNED NOT NULL AUTO_INCREMENT, AUTO_INCREMENT=13;

--
-- AUTO_INCREMENT for table `users`
--
ALTER TABLE `users`
  MODIFY `id` bigint(20) UNSIGNED NOT NULL AUTO_INCREMENT, AUTO_INCREMENT=5;

--
-- Constraints for dumped tables
--

--
-- Constraints for table `rooms`
--
ALTER TABLE `rooms`
  ADD CONSTRAINT `rooms_room_price_id_foreign` FOREIGN KEY (`room_price_id`) REFERENCES `room_prices` (`id`) ON DELETE CASCADE;

--
-- Constraints for table `room_prices`
--
ALTER TABLE `room_prices`
  ADD CONSTRAINT `room_prices_building_id_foreign` FOREIGN KEY (`building_id`) REFERENCES `buildings` (`id`) ON DELETE CASCADE,
  ADD CONSTRAINT `room_prices_room_type_id_foreign` FOREIGN KEY (`room_type_id`) REFERENCES `room_types` (`id`) ON DELETE CASCADE;

--
-- Constraints for table `tenants`
--
ALTER TABLE `tenants`
  ADD CONSTRAINT `tenants_room_id_foreign` FOREIGN KEY (`room_id`) REFERENCES `rooms` (`id`) ON DELETE CASCADE;
COMMIT;

/*!40101 SET CHARACTER_SET_CLIENT=@OLD_CHARACTER_SET_CLIENT */;
/*!40101 SET CHARACTER_SET_RESULTS=@OLD_CHARACTER_SET_RESULTS */;
/*!40101 SET COLLATION_CONNECTION=@OLD_COLLATION_CONNECTION */;
